code,label,network,type,lat,lng,latoffset,lonoffset,html
EN7,Enfield - Prince of Wales School,LAQN,Urban Background,51.66864334727,-0.02200720557,0,0,publicdetails.asp?site=EN7&Maptype=Google&mapview=all
EN2,Enfield - Church Street,LAQN,Roadside,51.6524364979749,-0.084224624306898,0,0,publicdetails.asp?site=EN2&Maptype=Google&mapview=all
EN1,Enfield - Bush Hill Park,LAQN,Suburban,51.6450367266602,-6.61800662229116E-02,0,0,publicdetails.asp?site=EN1&Maptype=Google&mapview=all
EN3,Enfield - Salisbury School,LAQN,Urban Background,51.6374794858769,-4.42461406121593E-02,0,0,publicdetails.asp?site=EN3&Maptype=Google&mapview=all
WL3,Waltham Forest - Chingford,LAQN,Roadside,51.6251928602333,-2.25973251092037E-02,-300,-300,publicdetails.asp?site=WL3&Maptype=Google&mapview=all
BW1,Brentwood - Brentwood Town Hall,LAQN,Urban Background,51.618686,0.307746,90,250,publicdetails.asp?site=BW1&Maptype=Google&mapview=all
HR1,Harrow - Stanmore,mixed,Urban Background,51.617327,-0.298775,0,0,publicdetails.asp?site=HR1&Maptype=Google&mapview=all
EN4,Enfield - Derby Road,LAQN,Roadside,51.614864007,-0.0507658363689,0,0,publicdetails.asp?site=EN4&Maptype=Google&mapview=all
BN1,Barnet - Tally Ho Corner,LAQN,Kerbside,51.614675,-0.176607,0,0,publicdetails.asp?site=BN1&Maptype=Google&mapview=all
EN5,Enfield - Bowes Primary School,LAQN,Roadside,51.613865,-0.125338,0,0,publicdetails.asp?site=EN5&Maptype=Google&mapview=all
HV2,Havering - Harold Hill,LAQN,Suburban,51.6065992159427,0.225359558329898,0,0,publicdetails.asp?site=HV2&Maptype=Google&mapview=all
HG3,Haringey - Bounds Green,LAQN,Roadside,51.6059499474804,-0.123441120322547,0,0,publicdetails.asp?site=HG3&Maptype=Google&mapview=all
WL4,Waltham Forest - Crooked Billet,LAQN,Kerbside,51.601718495597,-0.016498263136,0,0,publicdetails.asp?site=WL4&Maptype=Google&mapview=all
BN3,Barnet - Strawberry Vale,LAQN,Urban Background,51.6008848453589,-0.172297542087178,0,0,publicdetails.asp?site=BN3&Maptype=Google&mapview=all
HG1,Haringey - Haringey Town Hall,mixed,Roadside,51.599302,-0.068218,0,0,publicdetails.asp?site=HG1&Maptype=Google&mapview=all
RB5,Redbridge - South Woodford,LAQN,Roadside,51.595851,0.020087,0,0,publicdetails.asp?site=RB5&Maptype=Google&mapview=all
RB3,Redbridge - Fullwell Cross,LAQN,Kerbside,51.593935,0.085516,0,0,publicdetails.asp?site=RB3&Maptype=Google&mapview=all
BN2,Barnet - Finchley,LAQN,Urban Background,51.591901,-0.205992,0,0,publicdetails.asp?site=BN2&Maptype=Google&mapview=all
BT1,Brent - Kingsbury,LAQN,Suburban,51.589618,-0.275519,0,0,publicdetails.asp?site=BT1&Maptype=Google&mapview=all
HR2,Harrow - Pinner Road,LAQN,Roadside,51.588417,-0.362989,0,0,publicdetails.asp?site=HR2&Maptype=Google&mapview=all
HG2,Haringey - Priory Park,mixed,Urban Background,51.586029,-0.126486,0,0,publicdetails.asp?site=HG2&Maptype=Google&mapview=all
HG4,Haringey  - Priory Park South,AURN,Urban Background,51.5839769007709,-0.125400278484885,0,0,publicdetails.asp?site=HG4&Maptype=Google&mapview=all
RB4,Redbridge - Gardner Close,LAQN,Roadside,51.57661,0.030858,0,0,publicdetails.asp?site=RB4&Maptype=Google&mapview=all
HV3,Havering - Romford,LAQN,Roadside,51.572976,0.179079,0,0,publicdetails.asp?site=HV3&Maptype=Google&mapview=all
RB7,Redbridge - Ley Street,LAQN,Urban Background,51.5694843315237,8.29074748964946E-02,0,0,publicdetails.asp?site=RB7&Maptype=Google&mapview=all
RB1,Redbridge - Perth Terrace,LAQN,Urban Background,51.569221,0.081821,0,0,publicdetails.asp?site=RB1&Maptype=Google&mapview=all
WL2,Waltham Forest - Mobile,LAQN,Roadside,51.564725703428,3.99595335237289E-03,0,0,publicdetails.asp?site=WL2&Maptype=Google&mapview=all
BG1,Barking and Dagenham - Rush Green,LAQN,Suburban,51.563752,0.177891,0,0,publicdetails.asp?site=BG1&Maptype=Google&mapview=all
WL1,Waltham Forest - Dawlish Road,LAQN,Urban Background,51.562422,-0.004891,0,0,publicdetails.asp?site=WL1&Maptype=Google&mapview=all
IS4,Islington - Foxham Gardens,LAQN,Urban Background,51.5600403385285,-0.131679425163847,0,0,publicdetails.asp?site=IS4&Maptype=Google&mapview=all
HK4,Hackney - Clapton,LAQN,Urban Background,51.558884,-0.056388,0,0,publicdetails.asp?site=HK4&Maptype=Google&mapview=all
RB2,Redbridge - Ilford Broadway,LAQNlocality,Kerbside,51.5583461865157,6.99915095238029E-02,0,0,publicdetails.asp?site=RB2&Maptype=Google&mapview=all
IS6,Islington - Arsenal,LAQN,Urban Background,51.557895,-0.106989,0,0,publicdetails.asp?site=IS6&Maptype=Google&mapview=all
WL5,Waltham Forest - Leyton,LAQN,Roadside,51.556257676576,-0.013629679065,0,0,publicdetails.asp?site=WL5&Maptype=Google&mapview=all
IS2,Islington - Holloway Road,LAQN,Roadside,51.555378,-0.116146,0,0,publicdetails.asp?site=IS2&Maptype=Google&mapview=all
CP2,Castle Point - Hadleigh,LAQN,Roadside,51.5532732312085,0.606051296833252,0,0,publicdetails.asp?site=CP2&Maptype=Google&mapview=all
BT5,Brent - Neasden Lane,LAQN,Industrial,51.552656,-0.248774,0,0,publicdetails.asp?site=BT5&Maptype=Google&mapview=all
BT4,Brent - Ikea,mixed,Roadside,51.552476,-0.258089,0,0,publicdetails.asp?site=BT4&Maptype=Google&mapview=all
BT2,Brent - Ikea Car Park,LAQN,Roadside,51.5524326273922,-0.260338843869077,750,0,publicdetails.asp?site=BT2&Maptype=Google&mapview=all
HI1,Hillingdon - South Ruislip,LAQN,Roadside,51.552264,-0.402779,0,0,publicdetails.asp?site=HI1&Maptype=Google&mapview=all
HN0,Hackney - Amhurst Road,LAQN,Roadside,51.5500559909969,-6.33016026789864E-02,0,0,publicdetails.asp?site=HN0&Maptype=Google&mapview=all
HN1,Hackney - Homerton Library,LAQN,Roadside,51.5487472103442,-4.18806967224562E-02,0,0,publicdetails.asp?site=HN1&Maptype=Google&mapview=all
CD1,Camden - Swiss Cottage,AURN,Kerbside,51.544219,-0.175284,0,0,publicdetails.asp?site=CD1&Maptype=Google&mapview=all
EI0,Ealing - Greenford,LAQN,Urban Background,51.5439296252862,-0.352801776049933,0,0,publicdetails.asp?site=EI0&Maptype=Google&mapview=all
IS1,Islington - Upper Street,LAQN,Urban Background,51.5407003385595,-0.103269578193151,0,0,publicdetails.asp?site=IS1&Maptype=Google&mapview=all
BG3,Barking and Dagenham - North Street,LAQN,Kerbside,51.540444,0.074418,0,0,publicdetails.asp?site=BG3&Maptype=Google&mapview=all
TH5,Tower Hamlets - Victoria Park,LAQN,Urban Background,51.5399327394691,-3.31740581778178E-02,0,0,publicdetails.asp?site=TH5&Maptype=Google&mapview=all
HK9,Hackney - Queensbridge Road,LAQN,Roadside,51.539324,-0.070078971,0,0,publicdetails.asp?site=HK9&Maptype=Google&mapview=all
BT6,Brent - John Keble Primary School,LAQN,Roadside,51.537799,-0.247793,150,150,publicdetails.asp?site=BT6&Maptype=Google&mapview=all
NM2,Newham - Cam Road,LAQN,Roadside,51.537598,-0.002138,0,0,publicdetails.asp?site=NM2&Maptype=Google&mapview=all
BT3,Brent - Harlesden,LAQN,Roadside,51.5370800298103,-0.249273425299457,-150,-150,publicdetails.asp?site=BT3&Maptype=Google&mapview=all
MW4,Windsor and Maidenhead - Aldebury Road,LAQN,Urban Background,51.5363854087616,-0.725480414494953,0,0,publicdetails.asp?site=MW4&Maptype=Google&mapview=all
BT7,Brent - St Marys Primary School,LAQN,Urban Background,51.534718,-0.196664,0,0,publicdetails.asp?site=BT7&Maptype=Google&mapview=all
KX4,Camden - Coopers Lane,other,Industrial,51.533238,-0.129594,0,0,publicdetails.asp?site=KX4&Maptype=Google&mapview=all
NM4,Newham - East Ham Town Hall,LAQN,Roadside,51.5330166040173,5.50002064487128E-02,0,0,publicdetails.asp?site=NM4&Maptype=Google&mapview=all
BT8,Brent - ARK Franklin Primary Academy,LAQN,Roadside,51.5324054617809,-0.217718908639377,0,0,publicdetails.asp?site=BT8&Maptype=Google&mapview=all
IS5,Islington - Duncan Terrace,LAQN,Roadside,51.5322658877275,-0.104413186512037,0,0,publicdetails.asp?site=IS5&Maptype=Google&mapview=all
EA6,Ealing - Hanger Lane Gyratory,LAQN,Roadside,51.53085,-0.292488,0,0,publicdetails.asp?site=EA6&Maptype=Google&mapview=all
BG2,Barking and Dagenham - Scrattons Farm,LAQN,Suburban,51.529389,0.132857,0,0,publicdetails.asp?site=BG2&Maptype=Google&mapview=all
WME,Westminster - Queens Park Gardens,LAQN,Urban Background,51.5286629697555,-0.20875365618309,0,0,publicdetails.asp?site=WME&Maptype=Google&mapview=all
CD9,Camden - Euston Road,LAQN,Roadside,51.527975,-0.1287742,0,0,publicdetails.asp?site=CD9&Maptype=Google&mapview=all
TH3,Tower Hamlets - Bethnal Green,LAQN,Urban Background,51.526737,-0.053869,0,0,publicdetails.asp?site=TH3&Maptype=Google&mapview=all
HK6,Hackney - Old Street,mixed,Roadside,51.526454,-0.08491,0,0,publicdetails.asp?site=HK6&Maptype=Google&mapview=all
HI2,Hillingdon - Hillingdon Hospital,LAQN,Roadside,51.526115,-0.459128,0,0,publicdetails.asp?site=HI2&Maptype=Google&mapview=all
EI1,Ealing - Western Avenue,LAQN,Roadside,51.5236078191481,-0.265502631799754,0,0,publicdetails.asp?site=EI1&Maptype=Google&mapview=all
EA9,Ealing - Court Way,LAQN,Roadside,51.5225651213491,-0.264922414775277,100,0,publicdetails.asp?site=EA9&Maptype=Google&mapview=all
TH2,Tower Hamlets - Mile End Road,mixed,Roadside,51.5225462561171,-4.20823040635312E-02,0,0,publicdetails.asp?site=TH2&Maptype=Google&mapview=all
MY1,Westminster - Marylebone Road,mixed,Kerbside,51.52254,-0.15459,0,0,publicdetails.asp?site=MY1&Maptype=Google&mapview=all
MY7,Westminster - Marylebone Road FDMS,AURN,Kerbside,51.52254,-0.15459,200,500,publicdetails.asp?site=MY7&Maptype=Google&mapview=all
MR8,Marylebone Road - BAM,other,Kerbside,51.5225093597419,-0.154622154656843,200,500,publicdetails.asp?site=MR8&Maptype=Google&mapview=all
BL0,Camden - Bloomsbury,AURN,Urban Background,51.522287,-0.125848,0,0,publicdetails.asp?site=BL0&Maptype=Google&mapview=all
KC1,Kensington and Chelsea - North Ken,mixed,Urban Background,51.5210467476039,-0.213492139585065,0,0,publicdetails.asp?site=KC1&Maptype=Google&mapview=all
KC7,Kensington and Chelsea - North Ken FDMS,AURN,Urban Background,51.5210467476039,-0.213492139585065,0,500,publicdetails.asp?site=KC7&Maptype=Google&mapview=all
KF1,Kensington and Chelsea - North Ken FIDAS,AURN,Urban Background,51.5210467476039,-0.213492139585065,0,500,publicdetails.asp?site=KF1&Maptype=Google&mapview=all
CP1,Castle Point - Canvey Island,LAQN,Urban Background,51.520955,0.594919,120,310,publicdetails.asp?site=CP1&Maptype=Google&mapview=all
MW1,Windsor and Maidenhead - Frascati Way,LAQN,Roadside,51.520894546995,-0.724024666515,130,5,publicdetails.asp?site=MW1&Maptype=Google&mapview=all
HV1,Havering - Rainham,LAQN,Roadside,51.520787459334,0.205460705694044,0,0,publicdetails.asp?site=HV1&Maptype=Google&mapview=all
CT4,City of London - Beech Street,LAQN,Roadside,51.520225273171,-9.61060474176381E-02,0,0,publicdetails.asp?site=CT4&Maptype=Google&mapview=all
EA8,Ealing - Horn Lane,mixed,Industrial,51.518948,-0.265617,500,400,publicdetails.asp?site=EA8&Maptype=Google&mapview=all
EI8,Ealing - Horn Lane TEOM,LAQN,Industrial,51.5189160348806,-0.265652052386222,0,0,publicdetails.asp?site=EI8&Maptype=Google&mapview=all
CD4,Camden - St Martins College (NOX 1),LAQN,Urban Background,51.518846,-0.12034,-150,-150,publicdetails.asp?site=CD4&Maptype=Google&mapview=all
CD5,Camden - St Martins College (NOX 2),LAQN,Urban Background,51.518846,-0.12034,150,150,publicdetails.asp?site=CD5&Maptype=Google&mapview=all
TK3,Thurrock - Stanford-le-Hope,AURN,Roadside,51.518162,0.439548,125,280,publicdetails.asp?site=TK3&Maptype=Google&mapview=all
IM1,Camden - Holborn (Bee Midtown),LAQN,Kerbside,51.5173675146177,-0.1201947113171,0,0,publicdetails.asp?site=IM1&Maptype=Google&mapview=all
WMC,Westminster - Cavendish Square,LAQN,Roadside,51.5168016452062,-0.145657269364411,0,0,publicdetails.asp?site=WMC&Maptype=Google&mapview=all
WMB,Westminster - Oxford Street East,LAQN,Roadside,51.516066,-0.13516388,0,0,publicdetails.asp?site=WMB&Maptype=Google&mapview=all
CT9,City of London - Guildhall,LAQN,Urban Background,51.515907,-0.092023986,0,0,publicdetails.asp?site=CT9&Maptype=Google&mapview=all
CD3,Camden - Shaftesbury Avenue,mixed,Roadside,51.515532,-0.127027,0,0,publicdetails.asp?site=CD3&Maptype=Google&mapview=all
TH4,Tower Hamlets - Blackwall,mixed,Roadside,51.5150461674013,-8.41849265642741E-03,0,0,publicdetails.asp?site=TH4&Maptype=Google&mapview=all
NM1,Newham - Tant Avenue,LAQN,Urban Background,51.514764,0.011989,0,-300,publicdetails.asp?site=NM1&Maptype=Google&mapview=all
NM3,Newham - Wren Close,LAQN,Urban Background,51.514727,0.014554,0,0,publicdetails.asp?site=NM3&Maptype=Google&mapview=all
CT2,City of London - Farringdon Street,mixed,Kerbside,51.5145253362314,-0.104515626337876,0,0,publicdetails.asp?site=CT2&Maptype=Google&mapview=all
GT1,Kensington and Chelsea - Station Walk,LAQN,Urban Background,51.5140519844289,-0.216532947379263,0,0,publicdetails.asp?site=GT1&Maptype=Google&mapview=all
WMZ,Westminster - Oxford Street 2,other,Kerbside,51.5139287404213,-0.152792701881935,0,0,publicdetails.asp?site=WMZ&Maptype=Google&mapview=all
WM6,Westminster - Oxford Street,LAQN,Kerbside,51.5139287404213,-0.152792701881935,0,0,publicdetails.asp?site=WM6&Maptype=Google&mapview=all
CT3,City of London - The Aldgate School,LAQN,Urban Background,51.513847178423,-0.077765681752,0,0,publicdetails.asp?site=CT3&Maptype=Google&mapview=all
EA1,Ealing - Ealing Town Hall,LAQN,Urban Background,51.5133230466548,-0.307529015473585,0,0,publicdetails.asp?site=EA1&Maptype=Google&mapview=all
GV2,Westminster - Duke Street (Grosvenor),LAQN,Roadside,51.5129998832095,-0.150913488159214,0,0,publicdetails.asp?site=GV2&Maptype=Google&mapview=all
WM5,Westminster - Covent Garden,LAQN,Urban Background,51.5119769825798,-0.12162720332856,0,0,publicdetails.asp?site=WM5&Maptype=Google&mapview=all
NB1,Westminster - Strand (Northbank BID),LAQN,Roadside,51.5119701188277,-0.116713103528546,0,0,publicdetails.asp?site=NB1&Maptype=Google&mapview=all
CT1,City of London - Senator House,LAQN,Urban Background,51.511491,-0.095807,0,0,publicdetails.asp?site=CT1&Maptype=Google&mapview=all
CE3,Regent Street (The Crown Estate),LAQN,Roadside,51.5113771448991,-0.139249367757023,0,0,publicdetails.asp?site=CE3&Maptype=Google&mapview=all
CE1,Regent Street facade (The Crown Estate),LAQN,Roadside,51.5111824979787,-0.139114122784456,0,0,publicdetails.asp?site=CE1&Maptype=Google&mapview=all
BX3,Bexley - Thamesmead,LAQN,Suburban,51.510808,0.121617,0,0,publicdetails.asp?site=BX3&Maptype=Google&mapview=all
CTA,City of London - Bell Wharf Lane,LAQN,Roadside,51.5105969158391,-9.21029031922594E-02,0,-300,publicdetails.asp?site=CTA&Maptype=Google&mapview=all
CT6,City of London - Walbrook Wharf,LAQN,Roadside,51.510499,-0.091634,0,0,publicdetails.asp?site=CT6&Maptype=Google&mapview=all
WM4,Westminster - Charing Cross Library,LAQNlocality,Roadside,51.510205,-0.128177,0,0,publicdetails.asp?site=WM4&Maptype=Google&mapview=all
TH1,Tower Hamlets - Poplar,LAQN,Urban Background,51.510012,-0.019866,0,0,publicdetails.asp?site=TH1&Maptype=Google&mapview=all
CT8,City of London - Upper Thames Street,LAQN,Roadside,51.5095436853913,-8.73571979556188E-02,0,0,publicdetails.asp?site=CT8&Maptype=Google&mapview=all
TH7,Tower Hamlets - King Edward Memorial Park,LAQN,Urban Background,51.5094228799835,-5.05278232872832E-02,0,0,publicdetails.asp?site=TH7&Maptype=Google&mapview=all
EA7,Ealing - Southall,LAQN,Urban Background,51.508549,-0.392179,0,0,publicdetails.asp?site=EA7&Maptype=Google&mapview=all
EI7,Ealing - Southall FDMS,LAQN,Urban Background,51.5085164816243,-0.392208459173292,0,500,publicdetails.asp?site=EI7&Maptype=Google&mapview=all
TL5,Newham - Hoola Tower,LAQN,Roadside,51.508198,0.015002152,0,0,publicdetails.asp?site=TL5&Maptype=Google&mapview=all
CE2,Waterloo Place (The Crown Estate),LAQN,Roadside,51.5075819137762,-0.133068372704093,0,0,publicdetails.asp?site=CE2&Maptype=Google&mapview=all
EA0,Ealing - Acton Town Hall FDMS,LAQN,Roadside,51.506628,-0.267934,0,500,publicdetails.asp?site=EA0&Maptype=Google&mapview=all
EA2,Ealing - Acton Town Hall,LAQN,Roadside,51.506628,-0.267934,0,0,publicdetails.asp?site=EA2&Maptype=Google&mapview=all
EG1,Ealing - Acton Town Hall (Partisol),other,Roadside,51.5065947337762,-0.267964378025953,0,0,publicdetails.asp?site=EG1&Maptype=Google&mapview=all
EI2,Ealing - Southall Railway,mixed,Roadside,51.5058699783726,-0.380241031512669,0,0,publicdetails.asp?site=EI2&Maptype=Google&mapview=all
TL6,Newham - Britannia Gate,LAQN,Roadside,51.503858,0.020574415,0,0,publicdetails.asp?site=TL6&Maptype=Google&mapview=all
EI3,Ealing - Acton Vale,LAQN,Urban Background,51.5038527919816,-0.254668101620372,0,0,publicdetails.asp?site=EI3&Maptype=Google&mapview=all
CW3,Tower Hamlets - Jubilee Park,LAQN,Urban Background,51.5029878731458,-1.80219908165375E-02,0,0,publicdetails.asp?site=CW3&Maptype=Google&mapview=all
SK8,Southwark - Tower Bridge Road,LAQN,Roadside,51.5013906712066,-7.82034373606952E-02,0,0,publicdetails.asp?site=SK8&Maptype=Google&mapview=all
HS8,Hounslow and Ealing - Gunnersbury Avenue,LAQN,Roadside,51.500676298573,-0.284383168481281,0,0,publicdetails.asp?site=HS8&Maptype=Google&mapview=all
VS1,Westminster - Victoria Street,other,Kerbside,51.4992450135925,-0.131285173980659,0,0,publicdetails.asp?site=VS1&Maptype=Google&mapview=all
KC3,Kensington and Chelsea - Knightsbridge,LAQN,Roadside,51.49913951,-0.164337605,0,0,publicdetails.asp?site=KC3&Maptype=Google&mapview=all
WM9,Westminster - Victoria (Victoria BID),LAQN,Roadside,51.4977331829735,-0.14424140916201,0,0,publicdetails.asp?site=WM9&Maptype=Google&mapview=all
WM8,Westminster - Victoria,LAQN,Urban Background,51.497066177578,-0.142438820740121,0,0,publicdetails.asp?site=WM8&Maptype=Google&mapview=all
SKA,Southwark - Lower Road,LAQN,Roadside,51.4965604167321,-5.30504472531612E-02,0,0,publicdetails.asp?site=SKA&Maptype=Google&mapview=all
HI0,Hillingdon - Keats Way,AURN,Suburban,51.496309,-0.460826,0,0,publicdetails.asp?site=HI0&Maptype=Google&mapview=all
KC2,Kensington and Chelsea - Cromwell Road,LAQN,Roadside,51.49550391,-0.178809464,0,0,publicdetails.asp?site=KC2&Maptype=Google&mapview=all
TL4,Greenwich - Tunnel Avenue,LAQN,Roadside,51.495057,0.0041074676,0,0,publicdetails.asp?site=TL4&Maptype=Google&mapview=all
WM0,Westminster - Horseferry Road,mixed,Urban Background,51.494681,-0.131938,0,0,publicdetails.asp?site=WM0&Maptype=Google&mapview=all
BQ7,Bexley - Belvedere West,LAQN,Urban Background,51.4946486813055,0.137279111232178,0,0,publicdetails.asp?site=BQ7&Maptype=Google&mapview=all
BQ8,Bexley - Belvedere West FDMS,LAQN,Urban Background,51.4946486813055,0.137279111232178,250,250,publicdetails.asp?site=BQ8&Maptype=Google&mapview=all
WE0,Kensington and Chelsea - Pembroke Road,AURN,Urban Background,51.4942847451596,-0.199340350918702,0,0,publicdetails.asp?site=WE0&Maptype=Google&mapview=all
BP0,Westminster - Bridge Place,AURN,Urban Background,51.4938505656999,-0.143808451030166,0,0,publicdetails.asp?site=BP0&Maptype=Google&mapview=all
GN6,Greenwich - John Harrison Way,LAQN,Roadside,51.4937746695818,1.07796237032558E-02,0,0,publicdetails.asp?site=GN6&Maptype=Google&mapview=all
GV1,Westminster - Ebury Street (Grosvenor),LAQN,Roadside,51.493492,-0.149906,0,0,publicdetails.asp?site=GV1&Maptype=Google&mapview=all
WMA,Westminster - Buckingham Palace Road,LAQN,Roadside,51.4932327916861,-0.147391757027028,0,0,publicdetails.asp?site=WMA&Maptype=Google&mapview=all
SK6,Southwark - Elephant and Castle,LAQN,Urban Background,51.4931557048667,-0.101527038274853,0,0,publicdetails.asp?site=SK6&Maptype=Google&mapview=all
SK7,Southwark - Heygate,LAQN,Urban Background,51.4929813788003,-9.85378910481832E-02,0,0,publicdetails.asp?site=SK7&Maptype=Google&mapview=all
GN2,Greenwich - Millennium Village,LAQN,Industrial,51.492571,0.017697,0,0,publicdetails.asp?site=GN2&Maptype=Google&mapview=all
HS4,Hounslow - Chiswick High Road,LAQN,Roadside,51.492507,-0.257252,0,0,publicdetails.asp?site=HS4&Maptype=Google&mapview=all
WMD,Westminster - Elizabeth Bridge,LAQN,Roadside,51.4922482333024,-0.147114752900186,0,0,publicdetails.asp?site=WMD&Maptype=Google&mapview=all
BX0,Bexley - Belvedere FDMS,LAQN,Suburban,51.4906102082147,0.158914493927518,0,0,publicdetails.asp?site=BX0&Maptype=Google&mapview=all
BX2,Bexley - Belvedere,LAQN,Suburban,51.4906102082147,0.158914493927518,250,250,publicdetails.asp?site=BX2&Maptype=Google&mapview=all
SK1,Southwark - Larcom Street,LAQN,Urban Background,51.490548,-0.09661,0,0,publicdetails.asp?site=SK1&Maptype=Google&mapview=all
GN0,Greenwich - A206 Burrage Grove,LAQN,Roadside,51.490532,0.074003,0,0,publicdetails.asp?site=GN0&Maptype=Google&mapview=all
KC5,Kensington and Chelsea - Earls Court Rd,mixed,Kerbside,51.49019756,-0.190863311,0,0,publicdetails.asp?site=KC5&Maptype=Google&mapview=all
KG1,Kensington and Chelsea - Green Screen RS,mixed,Roadside,51.4894131144322,-0.193640886158949,0,0,publicdetails.asp?site=KG1&Maptype=Google&mapview=all
KG2,Kensington and Chelsea - Green Screen BG,mixed,Urban Background,51.4894131144322,-0.193640886158949,0,-500,publicdetails.asp?site=KG2&Maptype=Google&mapview=all
HS5,Hounslow - Brentford,LAQN,Roadside,51.489398,-0.310081,-300,200,publicdetails.asp?site=HS5&Maptype=Google&mapview=all
HS1,Hounslow - Brentford,LAQN,Roadside,51.489321,-0.310002,400,400,publicdetails.asp?site=HS1&Maptype=Google&mapview=all
HS3,Hounslow - Brentford,LAQN,Roadside,51.489321,-0.310002,-400,-400,publicdetails.asp?site=HS3&Maptype=Google&mapview=all
TH6,Tower Hamlets - Millwall Park,LAQN,Urban Background,51.4891342634,-0.0129769309432,0,0,publicdetails.asp?site=TH6&Maptype=Google&mapview=all
LH0,Hillingdon - Harlington,AURN,Urban Background,51.48878,-0.441627,0,0,publicdetails.asp?site=LH0&Maptype=Google&mapview=all
KC4,Kensington and Chelsea - Kings Road,LAQN,Roadside,51.48743685,-0.168397129,0,0,publicdetails.asp?site=KC4&Maptype=Google&mapview=all
GN3,Greenwich - Plumstead High Street,LAQN,Roadside,51.486957,0.095111,0,0,publicdetails.asp?site=GN3&Maptype=Google&mapview=all
GR8,Greenwich - Woolwich Flyover,mixed,Roadside,51.486884,0.017901,0,0,publicdetails.asp?site=GR8&Maptype=Google&mapview=all
LB5,Lambeth - Bondway Interchange,LAQN,Industrial,51.4854867739729,-0.124545234819213,300,0,publicdetails.asp?site=LB5&Maptype=Google&mapview=all
LB2,Lambeth - Vauxhall Cross,LAQNlocality,Roadside,51.4849123099475,-0.125173736606014,300,0,publicdetails.asp?site=LB2&Maptype=Google&mapview=all
GN5,Greenwich - Trafalgar Road (Hoskins St),LAQN,Roadside,51.4839072533485,4.07396935849736E-04,0,0,publicdetails.asp?site=GN5&Maptype=Google&mapview=all
GR5,Greenwich - Trafalgar Road,LAQN,Roadside,51.4834490664601,-1.45562683198809E-04,0,0,publicdetails.asp?site=GR5&Maptype=Google&mapview=all
HS2,Hounslow - Cranford,LAQN,Suburban,51.482982,-0.411895,0,0,publicdetails.asp?site=HS2&Maptype=Google&mapview=all
SK2,Southwark - Old Kent Road,mixed,Roadside,51.4819456792926,-6.27176235171689E-02,0,0,publicdetails.asp?site=SK2&Maptype=Google&mapview=all
LW3,Lewisham - Mercury Way,LAQN,Industrial,51.4811412184719,-4.56708566668043E-02,0,0,publicdetails.asp?site=LW3&Maptype=Google&mapview=all
HI3,Hillingdon - Oxford Avenue,LAQN,Roadside,51.481131839058,-0.423760323968,0,0,publicdetails.asp?site=HI3&Maptype=Google&mapview=all
SK5,Southwark - A2 Old Kent Road,AURN,Roadside,51.4804994936467,-5.95528932573422E-02,300,300,publicdetails.asp?site=SK5&Maptype=Google&mapview=all
SK9,Southwark - A2 Old Kent Road FIDAS,LAQN,Roadside,51.4804994936467,-5.95528932573422E-02,-100,-100,publicdetails.asp?site=SK9&Maptype=Google&mapview=all
RI1,Richmond Upon Thames - Castelnau,LAQN,Roadside,51.480189,-0.237335,300,-900,publicdetails.asp?site=RI1&Maptype=Google&mapview=all
MW2,Windsor and Maidenhead - Clarence Road,LAQN,Roadside,51.480178972651,-0.62380842514,140,15,publicdetails.asp?site=MW2&Maptype=Google&mapview=all
LW5,Lewisham - Deptford,LAQN,Urban Background,51.4795312838203,-2.52606031340197E-02,0,0,publicdetails.asp?site=LW5&Maptype=Google&mapview=all
WAA,Wandsworth - Battersea,LAQN,Roadside,51.4794395281222,-0.141786953606306,0,0,publicdetails.asp?site=WAA&Maptype=Google&mapview=all
LH2,Heathrow Airport,LAQN,Industrial,51.4792338864893,-0.440530703282971,0,0,publicdetails.asp?site=LH2&Maptype=Google&mapview=all
HS6,Hounslow - Heston Road,LAQN,Roadside,51.479129,-0.36476,0,0,publicdetails.asp?site=HS6&Maptype=Google&mapview=all
BX5,Bexley - Bedonwell,LAQN,Suburban,51.4788023547334,0.133873839062683,0,0,publicdetails.asp?site=BX5&Maptype=Google&mapview=all
TK8,Thurrock - London Road (Purfleet),LAQN,Roadside,51.478697,0.255133,-200,-400,publicdetails.asp?site=TK8&Maptype=Google&mapview=all
TK2,Thurrock - Purfleet,LAQN,Roadside,51.478572549698,0.255673282805438,135,223,publicdetails.asp?site=TK2&Maptype=Google&mapview=all
BQ5,Bexley - Manor Road West Gravimetric,LAQN,Industrial,51.4781935083933,0.187404883999095,210,210,publicdetails.asp?site=BQ5&Maptype=Google&mapview=all
BQ6,Bexley - Manor Road East Gravimetric,LAQN,Industrial,51.477670796298,0.190836225974902,250,250,publicdetails.asp?site=BQ6&Maptype=Google&mapview=all
BX4,Bexley - Erith,LAQN,Industrial,51.477670796298,0.190836225974902,0,0,publicdetails.asp?site=BX4&Maptype=Google&mapview=all
TK1,Thurrock - London Road (Grays),mixed,Urban Background,51.477076,0.317938,137,243,publicdetails.asp?site=TK1&Maptype=Google&mapview=all
RI2,Richmond Upon Thames - Barnes Wetlands,LAQN,Suburban,51.476168,-0.230427,-200,200,publicdetails.asp?site=RI2&Maptype=Google&mapview=all
LW2,Lewisham - New Cross,LAQN,Roadside,51.474954,-0.039641,0,0,publicdetails.asp?site=LW2&Maptype=Google&mapview=all
SKB,Southwark - Vicarage Grove,LAQN,Roadside,51.4735803479615,-8.77818536754426E-02,0,0,publicdetails.asp?site=SKB&Maptype=Google&mapview=all
GR7,Greenwich - Blackheath,LAQN,Roadside,51.472504,-0.012381,0,0,publicdetails.asp?site=GR7&Maptype=Google&mapview=all
BQ9,Bexley - Slade Green Fidas,AURN,Suburban,51.4659832746662,0.184877126994369,250,250,publicdetails.asp?site=BQ9&Maptype=Google&mapview=all
BX9,Bexley - Slade Green FDMS,AURN,Suburban,51.4659832746662,0.184877126994369,250,250,publicdetails.asp?site=BX9&Maptype=Google&mapview=all
BX1,Bexley - Slade Green,mixed,Suburban,51.4659832746662,0.184877126994369,0,0,publicdetails.asp?site=BX1&Maptype=Google&mapview=all
WA9,Wandsworth - Putney,LAQN,Urban Background,51.4650325059122,-0.215824580947572,0,0,publicdetails.asp?site=WA9&Maptype=Google&mapview=all
LB3,Lambeth - Loughborough Junct,LAQNlocality,Urban Background,51.464866,-0.099161,0,0,publicdetails.asp?site=LB3&Maptype=Google&mapview=all
LW4,Lewisham - Loampit Vale,LAQN,Roadside,51.4646910611736,-1.60682432041528E-02,0,0,publicdetails.asp?site=LW4&Maptype=Google&mapview=all
RD1,Reading - Caversham Road,LAQN,Roadside,51.464354,-0.9771,0,20,publicdetails.asp?site=RD1&Maptype=Google&mapview=all
LB4,Lambeth - Brixton Road,LAQN,Kerbside,51.464113541162,-0.11458102695123,0,-300,publicdetails.asp?site=LB4&Maptype=Google&mapview=all
RHI,Richmond Upon Thames - Richmond,LAQN,Kerbside,51.4638976490621,-0.301685013378926,0,0,publicdetails.asp?site=RHI&Maptype=Google&mapview=all
TK9,Thurrock - Dock Road Tilbury,LAQN,Roadside,51.4638074287966,0.352141545594137,0,0,publicdetails.asp?site=TK9&Maptype=Google&mapview=all
WA8,Wandsworth - Putney High Street Facade,LAQN,Roadside,51.4637206047191,-0.215890144123119,200,200,publicdetails.asp?site=WA8&Maptype=Google&mapview=all
WAC,Lavender Hill,LAQN,Roadside,51.4636903568111,-0.166713485994806,0,0,publicdetails.asp?site=WAC&Maptype=Google&mapview=all
WA7,Wandsworth - Putney High Street,LAQN,Kerbside,51.463429,-0.215871,-200,-200,publicdetails.asp?site=WA7&Maptype=Google&mapview=all
HS7,Hounslow - Hatton Cross,LAQN,Urban Background,51.463402,-0.427525,0,0,publicdetails.asp?site=HS7&Maptype=Google&mapview=all
RD3,Reading - Oxford Road,LAQN,Roadside,51.461963,-1.012509,0,0,publicdetails.asp?site=RD3&Maptype=Google&mapview=all
TK4,Thurrock - Calcutta Road Tilbury,LAQN,Roadside,51.4617571252861,0.357953197319231,0,0,publicdetails.asp?site=TK4&Maptype=Google&mapview=all
BX6,Bexley - Thames Road North FDMS,LAQN,Roadside,51.457159,0.195294,0,0,publicdetails.asp?site=BX6&Maptype=Google&mapview=all
BX7,Bexley - Thames Road North,LAQN,Roadside,51.457159,0.195294,250,250,publicdetails.asp?site=BX7&Maptype=Google&mapview=all
WA2,Wandsworth - Wandsworth Town Hall,LAQN,Urban Background,51.456962,-0.191074,300,300,publicdetails.asp?site=WA2&Maptype=Google&mapview=all
WA3,Wandsworth - Roehampton,LAQN,Rural,51.4569204685076,-0.245562490498382,0,0,publicdetails.asp?site=WA3&Maptype=Google&mapview=all
BX8,Bexley - Thames Road South,LAQN,Roadside,51.456887,0.194582,-200,0,publicdetails.asp?site=BX8&Maptype=Google&mapview=all
BQ1,Bexley 8 - Traffic(W slow - nearest BX8),other,Kerbside,51.4568546603969,0.194546362638148,0,0,publicdetails.asp?site=BQ1&Maptype=Google&mapview=all
BQ2,Bexley 8 - Traffic(W fast),other,Kerbside,51.4568546603969,0.194546362638148,250,250,publicdetails.asp?site=BQ2&Maptype=Google&mapview=all
BQ3,Bexley 8 - Traffic(E fast),other,Kerbside,51.4568546603969,0.194546362638148,-250,0,publicdetails.asp?site=BQ3&Maptype=Google&mapview=all
BQ4,Bexley 8 - Traffic(E slow - nearest BX7),other,Kerbside,51.4568546603969,0.194546362638148,0,-250,publicdetails.asp?site=BQ4&Maptype=Google&mapview=all
WA4,Wandsworth - High Street,LAQN,Roadside,51.4564354037312,-0.191157408342927,-300,-300,publicdetails.asp?site=WA4&Maptype=Google&mapview=all
GR9,Greenwich - Westhorne Avenue,mixed,Roadside,51.456357,0.040725,0,0,publicdetails.asp?site=GR9&Maptype=Google&mapview=all
GB0,Greenwich - Falconwood FDMS,LAQN,Roadside,51.4563,0.085606,0,0,publicdetails.asp?site=GB0&Maptype=Google&mapview=all
GB6,Greenwich - Falconwood,LAQN,Roadside,51.4563,0.085606,250,250,publicdetails.asp?site=GB6&Maptype=Google&mapview=all
WA1,Wandsworth - Garratt Lane,LAQN,Roadside,51.4548722085,-0.193003999857021,-200,600,publicdetails.asp?site=WA1&Maptype=Google&mapview=all
RHG,Richmond Upon Thames - Chertsey Road,LAQN,Roadside,51.4531422511004,-0.341218138106469,0,0,publicdetails.asp?site=RHG&Maptype=Google&mapview=all
RD2,Reading - Kings Road,LAQN,Roadside,51.453119,-0.949941,0,20,publicdetails.asp?site=RD2&Maptype=Google&mapview=all
RD0,Reading - New Town,AURN,Urban Background,51.4529847075166,-0.944461432664066,0,25,publicdetails.asp?site=RD0&Maptype=Google&mapview=all
GR4,Greenwich - Eltham,mixed,Suburban,51.45258,0.070766,0,0,publicdetails.asp?site=GR4&Maptype=Google&mapview=all
HP1,Lewisham - Honor Oak Park,AURN,Urban Background,51.4496728960354,-3.74153592115306E-02,0,0,publicdetails.asp?site=HP1&Maptype=Google&mapview=all
ZR1,Dartford - St Clements,LAQN,Kerbside,51.4491543603338,0.279942529264489,0,0,publicdetails.asp?site=ZR1&Maptype=Google&mapview=all
ZR4,Dartford - St Clements 2,LAQN,Roadside,51.448823581151,0.279379130223739,0,0,publicdetails.asp?site=ZR4&Maptype=Google&mapview=all
HS9,Hounslow - Feltham,LAQN,Roadside,51.4473877655456,-0.408732837243793,0,0,publicdetails.asp?site=HS9&Maptype=Google&mapview=all
LW1,Lewisham - Catford,LAQN,Urban Background,51.445468,-0.020266,0,0,publicdetails.asp?site=LW1&Maptype=Google&mapview=all
LW6,Lewisham - Laurence House Catford,LAQN,Roadside,51.4447808,-0.0221832,0,0,publicdetails.asp?site=LW6&Maptype=Google&mapview=all
LB1,Lambeth - Christchurch Road,LAQNlocality,Roadside,51.444249,-0.121731,0,0,publicdetails.asp?site=LB1&Maptype=Google&mapview=all
ZR2,Dartford Roadside 2 - Town Centre,LAQN,Roadside,51.4426702340503,0.216185856662181,0,0,publicdetails.asp?site=ZR2&Maptype=Google&mapview=all
SKC,Southwark - South Circular Road,LAQN,Roadside,51.442633,-0.077653974,0,0,publicdetails.asp?site=SKC&Maptype=Google&mapview=all
ZR6,Dartford - Town Centre,LAQN,Roadside,51.442557781389,0.215950164318913,0,0,publicdetails.asp?site=ZR6&Maptype=Google&mapview=all
KT6,Kingston Upon Thames - Kingston Vale,LAQN,Roadside,51.4355006647773,-0.257029893767993,0,0,publicdetails.asp?site=KT6&Maptype=Google&mapview=all
GN4,Greenwich - Fiveways Sidcup Rd A20,LAQN,Roadside,51.4346627060562,6.42224671704697E-02,0,0,publicdetails.asp?site=GN4&Maptype=Google&mapview=all
ZR3,Dartford Roadside 3 - Bean Interchange,LAQN,Roadside,51.4315447616649,0.280461133037019,0,0,publicdetails.asp?site=ZR3&Maptype=Google&mapview=all
ZR5,Dartford - Bean Lane,LAQN,Roadside,51.4306174423102,0.280976036868921,0,0,publicdetails.asp?site=ZR5&Maptype=Google&mapview=all
MEB,Merton - Plough Lane Wimbledon,LAQN,Roadside,51.4304273690564,-0.185811823620255,0,0,publicdetails.asp?site=MEB&Maptype=Google&mapview=all
WAB,Wandsworth - Tooting High Street,LAQN,Roadside,51.429331,-0.166524,0,0,publicdetails.asp?site=WAB&Maptype=Google&mapview=all
LB6,Lambeth - Streatham Green,LAQN,Urban Background,51.4282131429499,-0.13186863879576,0,0,publicdetails.asp?site=LB6&Maptype=Google&mapview=all
WA6,Wandsworth - Tooting,LAQN,Roadside,51.425284,-0.164452,0,0,publicdetails.asp?site=WA6&Maptype=Google&mapview=all
TD5,London Teddington Bushy Park,AURN,Suburban,51.4252560360937,-0.345608290872898,0,0,publicdetails.asp?site=TD5&Maptype=Google&mapview=all
CY1,Crystal Palace - Crystal Palace Parade,LAQN,Roadside,51.424812,-0.075449,0,0,publicdetails.asp?site=CY1&Maptype=Google&mapview=all
TD0,"- National Physical Laboratory, Teddington",mixed,Suburban,51.4243043441456,-0.345714576446947,-200,0,publicdetails.asp?site=TD0&Maptype=Google&mapview=all
ME2,Merton - Merton Road,LAQN,Roadside,51.4161384794862,-0.192230805042824,0,0,publicdetails.asp?site=ME2&Maptype=Google&mapview=all
MW3,Windsor and Maidenhead - Ascot,LAQN,Rural,51.414941181381,-0.652429197866,147,12,publicdetails.asp?site=MW3&Maptype=Google&mapview=all
KT2,Kingston - Town Centre,LAQN,Roadside,51.4144307605309,-0.301706822060131,0,0,publicdetails.asp?site=KT2&Maptype=Google&mapview=all
KT3,Kingston Upon Thames - Sopwith Way,LAQN,Roadside,51.413691,-0.302269,0,0,publicdetails.asp?site=KT3&Maptype=Google&mapview=all
BY1,Bromley - Rent Office,LAQN,Urban Background,51.4132338948359,7.21471618770671E-03,0,0,publicdetails.asp?site=BY1&Maptype=Google&mapview=all
KT5,Kingston Upon Thames - Cromwell Road,LAQN,Roadside,51.412308,-0.29658478,0,0,publicdetails.asp?site=KT5&Maptype=Google&mapview=all
CR5,Croydon - Norbury,LAQN,Kerbside,51.411349,-0.12311,0,0,publicdetails.asp?site=CR5&Maptype=Google&mapview=all
CR8,Croydon - Norbury Manor,LAQN,Urban Background,51.410039,-0.127523,0,0,publicdetails.asp?site=CR8&Maptype=Google&mapview=all
MEA,Merton - Mitcham,LAQN,Roadside,51.4055473441872,-0.164596893540707,0,0,publicdetails.asp?site=MEA&Maptype=Google&mapview=all
BY7,Bromley - Harwood Avenue,LAQN,Roadside,51.405546,0.018882,300,0,publicdetails.asp?site=BY7&Maptype=Google&mapview=all
CR3,Croydon - Thornton Heath,LAQN,Suburban,51.40401,-0.098814,0,0,publicdetails.asp?site=CR3&Maptype=Google&mapview=all
BY4,Bromley - Tweedy Rd,LAQN,Roadside,51.403834810795,0.020390228913718,-300,0,publicdetails.asp?site=BY4&Maptype=Google&mapview=all
ME9,Merton - Morden Civic Centre 2,LAQN,Roadside,51.40162,-0.19589212,0,0,publicdetails.asp?site=ME9&Maptype=Google&mapview=all
ME1,Merton - Morden Civic Centre,LAQN,Roadside,51.40105,-0.195929,0,0,publicdetails.asp?site=ME1&Maptype=Google&mapview=all
ME7,Merton - Willow Lane Industrial Estate,LAQN,Industrial,51.3943415638,-0.165161044588,0,0,publicdetails.asp?site=ME7&Maptype=Google&mapview=all
ST5,Sutton - Beddington Lane north,LAQN,Industrial,51.389286904505,-0.141661524779893,0,0,publicdetails.asp?site=ST5&Maptype=Google&mapview=all
ST7,Sutton - Therapia Lane,LAQN,Industrial,51.3858391292126,-0.136339857220486,0,0,publicdetails.asp?site=ST7&Maptype=Google&mapview=all
ST8,Sutton - Beddington Lane,LAQN,Industrial,51.3835652277943,-0.136417861473301,0,0,publicdetails.asp?site=ST8&Maptype=Google&mapview=all
KT4,Kingston Upon Thames - Tolworth Broadway,LAQN,Roadside,51.379312,-0.281259,0,0,publicdetails.asp?site=KT4&Maptype=Google&mapview=all
CR6,Croydon - Euston Road,LAQN,Suburban,51.3786978969719,-0.113796403332539,0,0,publicdetails.asp?site=CR6&Maptype=Google&mapview=all
ST6,Sutton - Worcester Park,LAQN,Kerbside,51.377923,-0.240414,0,0,publicdetails.asp?site=ST6&Maptype=Google&mapview=all
ST2,Sutton - North Cheam,LAQN,Urban Background,51.3771892138334,-0.222044077436931,0,0,publicdetails.asp?site=ST2&Maptype=Google&mapview=all
CR4,Croydon - George Street,LAQN,Roadside,51.374312,-0.096503,0,0,publicdetails.asp?site=CR4&Maptype=Google&mapview=all
CR9,Croydon - Park Lane,LAQN,Roadside,51.3739530635378,-9.67638468323854E-02,0,0,publicdetails.asp?site=CR9&Maptype=Google&mapview=all
A30,Kingston - Kingston Bypass A3,AURN,Roadside,51.373553348648,-0.291969827871431,0,0,publicdetails.asp?site=A30&Maptype=Google&mapview=all
ST9,Sutton - Beddington Village,LAQN,Roadside,51.3712010773161,-0.131948824988095,0,0,publicdetails.asp?site=ST9&Maptype=Google&mapview=all
ST1,Sutton - Robin Hood School,LAQN,Roadside,51.365744,-0.195563,0,0,publicdetails.asp?site=ST1&Maptype=Google&mapview=all
ST3,Sutton - Carshalton,LAQN,Suburban,51.365318,-0.165936,0,0,publicdetails.asp?site=ST3&Maptype=Google&mapview=all
CR2,Croydon - Purley Way,LAQN,Roadside,51.362638,-0.117952,0,0,publicdetails.asp?site=CR2&Maptype=Google&mapview=all
CR7,Croydon - Purley Way A23,LAQN,Roadside,51.3622305655403,-0.117604507351392,0,0,publicdetails.asp?site=CR7&Maptype=Google&mapview=all
ST4,Sutton - Wallington,LAQN,Kerbside,51.3586596124998,-0.149723946604927,0,0,publicdetails.asp?site=ST4&Maptype=Google&mapview=all
KT1,Kingston - Chessington,LAQN,Suburban,51.3566466913867,-0.316770841962737,0,0,publicdetails.asp?site=KT1&Maptype=Google&mapview=all
BY5,Bromley - Biggin Hill,LAQN,Suburban,51.314562,0.042019,0,0,publicdetails.asp?site=BY5&Maptype=Google&mapview=all
ZV3,Sevenoaks - Sevenoaks Quarry,LAQN,Industrial,51.293759175,0.195766572888,0,0,publicdetails.asp?site=ZV3&Maptype=Google&mapview=all
RG7,Reigate and Banstead - A23 Hooley,LAQN,Roadside,51.2924706381269,-0.154121454400678,252,150,publicdetails.asp?site=RG7&Maptype=Google&mapview=all
ZV1,Sevenoaks - Greatness Park,LAQN,Urban Background,51.289391,0.201437,230,210,publicdetails.asp?site=ZV1&Maptype=Google&mapview=all
ZV2,Sevenoaks - Bat and Ball,LAQN,Roadside,51.2887681443168,0.193420906906318,220,210,publicdetails.asp?site=ZV2&Maptype=Google&mapview=all
RG4,Reigate and Banstead - Reigate High St,LAQN,Kerbside,51.237666,-0.206011,240,140,publicdetails.asp?site=RG4&Maptype=Google&mapview=all
RG8,Reigate and Banstead - Earlswood Depot,LAQN,Industrial,51.221102,-0.17288661,0,0,publicdetails.asp?site=RG8&Maptype=Google&mapview=all
RG9,Reigate and Banstead - Horley FIDAS,LAQN,Suburban,51.1658750886143,-0.167703256282678,-100,-600,publicdetails.asp?site=RG9&Maptype=Google&mapview=all
RG1,Reigate and Banstead - Horley,mixed,Suburban,51.1658750886143,-0.167703256282678,0,0,publicdetails.asp?site=RG1&Maptype=Google&mapview=all
RGS,RG1 Horley SMPS,other,Suburban,51.1658319616611,-0.167763764582061,0,0,publicdetails.asp?site=RGS&Maptype=Google&mapview=all
RG2,Reigate and Banstead - Horley South,LAQN,Suburban,51.161508,-0.162928,258,150,publicdetails.asp?site=RG2&Maptype=Google&mapview=all
RG6,Reigate and Banstead - Horley South East,LAQN,Suburban,51.1612605001364,-0.162410036780488,0,0,publicdetails.asp?site=RG6&Maptype=Google&mapview=all
RG3,Reigate and Banstead - Poles Lane,LAQN,Rural,51.142082,-0.194181,265,140,publicdetails.asp?site=RG3&Maptype=Google&mapview=all
