tier,tier1,tier2,stale
description,Due within last 3 hours,Due between 3 and 24 hours,Stale (no recent obs) and not already selected
due_at,"<= now() AND >= now() - 3 hours 
due_at = COALESCE(next_due_at, now())",< now() - 3 hours AND >= now() - 24 hours,(not used) - Effectively more than 24 hours
last_polled_at,IS NULL OR <= now() - 5 minutes,IS NULL OR <= now() - 1 hour,IS NULL OR <= now() - 12 hours
last_observed_at,(no constraint),(no constraint),IS NULL OR >= now() - 24 hours
other,"candidates: connector=openaq, service_ref='openaq', station_ref not null, removed_at is null","candidates: connector=openaq, service_ref='openaq', station_ref not null, removed_at is null",candidates + not in tiered_limited
ordered by,"ordered by last_polled_at ASC nulls first, due_at ASC",,
,,,
,Sensors that don’t have 10 interval or lags,with 10 interval and lags,
next_due_at,Set by now() + 5mins on polling,set by observation_at + min(interval) + min(lag),
